,% who are economically inactive - aged 16-64,Jan 2004-Dec 2004,,,,Jan 2005-Dec 2005,,,,Jan 2006-Dec 2006,,,,Jan 2007-Dec 2007,,,,Jan 2008-Dec 2008,,,,Jan 2009-Dec 2009,,,,Jan 2010-Dec 2010,,,,Jan 2011-Dec 2011,,,,Jan 2012-Dec 2012,,,,Jan 2013-Dec 2013,,,,Jan 2014-Dec 2014,,,,Jan 2015-Dec 2015,,,,Jan 2016-Dec 2016,,,,Jan 2017-Dec 2017,,,,Jan 2018-Dec 2018,,,,Jan 2019-Dec 2019,,,
Code,Area,Economically Inactive,Working age,percent,confidence,Economically Inactive,Working age,percent,confidence,Economically Inactive,Working age,percent,confidence,Economically Inactive,Working age,percent,confidence,Economically Inactive,Working age,percent,confidence,Economically Inactive,Working age,percent,confidence,Economically Inactive,Working age,percent,confidence,Economically Inactive,Working age,percent,confidence,Economically Inactive,Working age,percent,confidence,Economically Inactive,Working age,percent,confidence,Economically Inactive,Working age,percent,confidence,Economically Inactive,Working age,percent,confidence,Economically Inactive,Working age,percent,confidence,Economically Inactive,Working age,percent,confidence,Economically Inactive,Working age,percent,confidence,Economically Inactive,Working age,percent,confidence
,,,,,,,,,,,,,,,,,,,,,,,,,,,,,,,,,,,,,,,,,,,,,,,,,,,,,,,,,,,,,,,,,
E09000001,City of London,!,!,!,!,#,"3,600",35.6,*,!,!,!,!,!,"1,400",!,!,!,"1,200",!,!,!,!,!,-,!,#,!,!,!,!,!,!,!,!,!,!,!,#,!,!,!,#,!,!,"2,000","3,600",55.5,*,!,"2,700",!,!,"2,600","5,900",44.2,*,!,"3,200",!,!,!,!,!,!
E09000002,Barking and Dagenham,"21,700","54,800",39.6,5.5,"21,900","54,100",40.5,5.5,"21,100","53,800",39.2,5.4,"20,600","54,200",38.0,5.4,"21,400","55,900",38.4,5.1,"21,300","56,600",37.6,5.5,"23,500","59,100",39.7,5.1,"23,100","61,300",37.7,5.4,"23,600","62,000",38.0,5.3,"20,600","62,100",33.1,5.2,"22,600","64,000",35.3,5.6,"23,000","65,200",35.3,5.5,"23,200","67,200",34.5,5.3,"21,700","65,600",33.1,5.5,"25,400","69,100",36.8,6.0,23200,69400,33.4,6.3
E09000003,Barnet,"35,200","106,800",32.9,5.3,"35,600","110,200",32.3,5.9,"38,100","112,800",33.7,5.5,"37,800","113,400",33.3,5.1,"39,600","114,800",34.4,5.0,"43,700","117,500",37.2,5.9,"36,100","119,200",30.3,5.4,"41,100","120,000",34.3,5.6,"38,100","122,400",31.1,5.6,"36,800","122,800",30.0,5.7,"41,800","123,100",34.0,5.4,"40,200","124,600",32.3,5.5,"45,000","127,700",35.2,6.0,"34,500","125,500",27.5,5.5,"36,400","127,700",28.5,5.5,33600,130000,25.8,5.9
E09000004,Bexley,"18,500","71,200",26.0,5.4,"19,400","72,200",26.9,5.3,"18,800","71,600",26.2,5.1,"20,600","72,800",28.2,5.2,"20,500","73,800",27.8,5.4,"23,100","75,500",30.6,5.5,"21,400","75,300",28.5,5.0,"20,700","74,600",27.7,5.4,"20,600","75,700",27.2,5.5,"19,500","74,400",26.3,5.6,"20,500","77,100",26.6,5.7,"19,900","78,600",25.4,5.5,"20,400","81,800",25.0,5.4,"21,100","81,200",26.0,5.1,"21,100","80,900",26.1,5.4,19200,80300,23.9,5.2
E09000005,Brent,"34,400","88,700",38.7,5.1,"36,600","91,800",39.9,5.9,"36,800","91,800",40.1,6.0,"32,300","95,700",33.7,5.8,"32,200","98,400",32.7,5.4,"33,200","102,200",32.5,5.9,"41,000","106,300",38.6,6.1,"41,100","109,500",37.5,6.0,"33,100","105,100",31.5,4.9,"36,000","105,400",34.2,4.5,"35,600","103,800",34.3,4.6,"35,300","106,200",33.2,4.7,"36,900","105,000",35.2,5.2,"36,800","104,600",35.2,5.1,"37,100","106,000",35.0,5.8,34600,106400,32.5,7
E09000006,Bromley,"24,600","96,100",25.6,4.9,"21,200","96,900",21.9,4.8,"29,000","98,200",29.5,5.2,"24,000","98,900",24.3,4.8,"25,200","100,200",25.2,5.0,"29,300","99,600",29.4,6.0,"29,400","100,800",29.2,5.8,"27,600","103,900",26.6,5.2,"27,600","102,900",26.8,4.9,"26,000","106,000",24.5,4.6,"27,000","105,800",25.6,4.8,"27,900","104,400",26.7,4.9,"27,300","104,000",26.3,5.3,"27,000","104,600",25.8,5.4,"26,300","106,000",24.8,5.4,28100,108900,25.8,5.4
E09000007,Camden,"26,200","74,500",35.2,5.5,"29,000","76,800",37.8,6.0,"28,200","76,400",37.0,5.3,"26,900","77,500",34.8,4.5,"28,200","77,100",36.5,4.7,"26,600","77,800",34.2,5.0,"25,800","77,900",33.2,5.7,"33,000","78,700",41.9,6.0,"31,900","79,300",40.3,5.6,"31,700","81,500",38.9,5.7,"29,900","83,400",35.9,5.3,"26,300","85,600",30.8,5.8,"26,200","83,700",31.3,5.7,"30,100","85,700",35.2,5.9,"27,900","88,800",31.5,6.1,26600,88900,29.9,6.2
E09000008,Croydon,"34,100","112,100",30.4,5.0,"28,800","112,400",25.6,4.7,"34,000","115,700",29.4,4.8,"33,300","118,400",28.2,5.0,"32,400","119,300",27.1,5.6,"29,800","122,400",24.3,5.2,"37,900","123,500",30.7,5.6,"38,200","123,400",31.0,5.4,"29,500","122,300",24.1,5.0,"28,500","123,700",23.1,4.9,"36,700","125,200",29.3,5.6,"35,800","127,800",28.0,5.1,"32,600","125,800",25.9,4.9,"30,600","126,100",24.3,4.9,"31,000","130,300",23.8,5.2,33100,130200,25.4,5.1
E09000009,Ealing,"37,100","105,700",35.1,5.1,"39,000","106,800",36.5,5.0,"35,300","108,400",32.6,4.9,"40,000","108,900",36.8,5.3,"40,700","114,100",35.7,5.6,"41,000","113,800",36.0,5.5,"36,200","112,500",32.2,5.2,"35,700","111,200",32.1,5.7,"37,800","114,400",33.0,5.2,"41,000","113,100",36.3,5.4,"41,500","114,100",36.3,5.9,"35,700","111,000",32.2,5.1,"29,600","109,500",27.0,5.2,"29,800","112,600",26.4,5.8,"31,400","111,800",28.1,6.7,38200,107800,35.5,7.3
E09000010,Enfield,"32,300","92,600",34.8,5.5,"33,600","92,200",36.4,5.8,"32,900","94,000",35.0,5.4,"39,700","96,900",40.9,5.6,"37,900","98,900",38.4,5.1,"41,900","100,800",41.6,4.9,"40,600","101,200",40.1,4.9,"35,800","105,300",34.0,5.1,"38,800","105,500",36.8,5.6,"38,000","106,200",35.8,5.5,"34,700","107,100",32.4,5.5,"34,200","108,600",31.5,5.3,"33,900","108,100",31.4,5.7,"35,300","112,900",31.3,5.7,"38,400","110,200",34.8,6.2,37400,111900,33.4,6.5
E09000011,Greenwich,"25,900","76,400",33.9,5.0,"27,600","78,300",35.2,5.1,"26,000","80,200",32.4,5.4,"28,200","80,200",35.1,5.2,"31,600","81,100",38.9,5.8,"34,200","82,200",41.6,5.5,"29,500","84,700",34.9,5.1,"27,900","85,300",32.7,5.0,"25,100","86,800",28.9,5.1,"30,500","88,400",34.5,5.7,"29,100","88,500",32.8,6.0,"24,400","92,300",26.4,5.3,"25,600","92,100",27.8,5.8,"27,800","93,700",29.6,5.4,"28,500","96,900",29.5,5.8,23400,97100,24.1,5.3
E09000012,Hackney,"36,300","73,900",49.0,5.3,"36,900","75,400",49.0,5.5,"33,100","77,000",43.0,5.2,"29,100","80,000",36.4,4.9,"26,900","82,100",32.8,4.9,"25,700","85,600",30.1,4.8,"26,300","88,900",29.6,5.0,"27,500","90,700",30.3,4.8,"33,300","92,700",36.0,5.1,"35,900","94,200",38.1,5.3,"28,600","96,300",29.8,4.9,"30,100","97,600",30.9,5.1,"27,900","99,600",28.0,5.1,"33,200","101,100",32.8,5.7,"34,400","102,000",33.8,5.7,29300,104300,28.1,5.5
E09000013,Hammersmith and Fulham,"22,100","64,000",34.5,5.9,"18,700","64,800",28.8,4.6,"19,400","66,600",29.1,4.9,"20,400","66,700",30.6,5.4,"19,800","66,400",29.8,5.3,"20,800","67,900",30.7,5.4,"25,200","68,700",36.7,5.5,"24,200","69,000",35.1,4.9,"23,100","68,200",34.0,5.0,"21,300","68,300",31.2,5.0,"18,300","66,900",27.4,4.8,"15,000","65,700",22.9,4.8,"18,800","65,700",28.7,5.6,"16,600","65,200",25.4,5.7,"15,000","62,700",23.9,5.7,18900,62200,30.5,6.5
E09000014,Haringey,"32,500","78,600",41.3,4.7,"29,000","79,800",36.3,4.8,"28,200","82,800",34.1,5.1,"29,900","83,200",36.0,5.3,"37,100","86,800",42.7,5.6,"33,900","87,700",38.7,5.5,"34,400","88,600",38.8,5.5,"27,100","91,800",29.5,5.4,"34,700","90,600",38.3,5.6,"28,000","91,200",30.7,4.9,"30,900","91,900",33.6,5.2,"29,300","92,600",31.6,5.1,"27,100","95,400",28.4,5.0,"30,200","93,600",32.3,4.9,"28,100","97,400",28.8,5.1,22600,94800,23.9,5.4
E09000015,Harrow,"23,300","73,100",31.9,5.8,"22,900","73,600",31.2,5.7,"21,000","74,400",28.3,5.5,"22,500","74,600",30.1,5.2,"27,100","74,100",36.6,5.2,"20,300","75,900",26.7,5.4,"23,000","78,400",29.3,5.5,"25,400","78,600",32.4,5.1,"21,700","78,300",27.8,4.9,"27,300","78,500",34.8,5.1,"27,900","78,100",35.7,5.2,"25,000","77,700",32.1,5.4,"25,600","78,600",32.5,5.9,"19,700","77,000",25.6,5.5,"20,000","74,200",27.0,5.5,28300,77100,36.7,7.3
E09000016,Havering,"20,700","72,000",28.7,5.5,"22,000","73,900",29.7,5.5,"21,700","74,300",29.2,5.3,"20,700","73,500",28.1,5.2,"19,900","74,900",26.6,4.9,"23,200","76,900",30.1,5.3,"26,200","77,200",33.9,5.7,"17,800","77,700",22.9,5.5,"25,100","78,200",32.1,6.0,"23,800","78,100",30.5,5.9,"22,600","80,800",27.9,5.4,"19,300","79,800",24.2,5.1,"19,400","82,200",23.6,5.3,"19,300","81,500",23.7,5.2,"18,100","82,200",22.0,5.1,19600,82800,23.7,5.4
E09000017,Hillingdon,"24,900","82,600",30.1,5.1,"27,300","83,100",32.9,5.2,"24,400","84,100",29.1,5.3,"34,500","85,200",40.5,5.8,"28,500","85,900",33.2,5.1,"21,900","86,700",25.3,5.5,"27,300","87,400",31.2,5.7,"29,600","92,900",31.8,5.3,"28,200","93,500",30.1,5.5,"29,900","95,100",31.4,5.4,"30,100","95,800",31.4,5.2,"30,500","98,300",31.0,5.3,"27,600","96,500",28.6,5.8,"27,500","97,400",28.3,5.6,"27,900","99,300",28.1,5.4,32300,99200,32.6,6.9
E09000018,Hounslow,"23,400","74,800",31.3,4.8,"21,800","75,800",28.8,5.1,"23,500","79,100",29.7,5.0,"28,700","81,300",35.3,5.4,"30,000","81,500",36.9,5.5,"22,400","83,500",26.8,5.3,"24,900","84,600",29.4,5.3,"23,600","86,000",27.5,4.8,"26,100","85,900",30.3,5.3,"25,000","86,700",28.8,5.1,"27,200","88,200",30.9,5.6,"28,900","87,100",33.2,5.5,"29,500","87,600",33.7,6.4,"23,500","85,700",27.4,6.2,"26,100","88,900",29.3,7.5,32700,88900,36.8,8
E09000019,Islington,"26,600","66,700",39.9,5.2,"24,900","67,500",36.9,5.3,"24,800","68,800",36.1,5.3,"21,200","70,100",30.3,5.0,"22,500","71,600",31.4,5.0,"25,400","74,200",34.2,5.3,"24,700","73,700",33.6,5.2,"23,500","78,100",30.1,5.1,"22,900","80,500",28.4,5.4,"24,100","80,300",30.0,5.3,"26,200","81,800",32.0,5.5,"24,800","83,700",29.7,5.4,"24,100","85,000",28.4,5.3,"24,000","86,500",27.7,5.6,"18,300","85,600",21.4,5.7,19900,85300,23.4,5.8
E09000020,Kensington and Chelsea,"26,600","60,700",43.9,5.3,"25,400","61,700",41.1,5.3,"27,500","59,500",46.3,6.0,"22,900","58,700",39.1,5.7,"21,400","59,000",36.2,5.7,"24,300","59,900",40.6,5.8,"25,100","58,400",42.9,5.6,"26,600","57,500",46.3,5.3,"24,300","56,300",43.1,5.0,"22,200","55,200",40.2,5.1,"18,300","55,100",33.2,4.8,"20,200","54,800",36.9,5.2,"18,200","53,500",33.9,5.7,"16,100","51,400",31.2,5.9,"19,800","50,200",39.4,6.7,16800,50400,33.4,6.5
E09000021,Kingston upon Thames,"15,400","51,800",29.7,5.4,"13,300","53,000",25.2,5.0,"14,900","53,300",28.0,5.0,"18,000","53,300",33.7,5.8,"16,000","53,600",29.9,5.4,"14,100","53,800",26.3,5.3,"14,800","54,700",27.2,5.3,"16,900","55,600",30.3,5.3,"15,800","55,600",28.3,5.3,"12,600","56,000",22.6,5.0,"15,400","56,000",27.4,5.3,"16,200","56,400",28.8,5.6,"17,200","59,000",29.1,5.9,"15,400","57,600",26.7,5.5,"19,100","60,100",31.8,6.0,14600,59300,24.6,5.9
E09000022,Lambeth,"31,900","95,600",33.4,5.6,"31,700","97,500",32.5,5.3,"42,000","99,100",42.4,5.7,"32,000","101,700",31.4,4.8,"28,600","102,700",27.9,4.8,"24,900","107,200",23.2,4.6,"29,300","109,600",26.7,5.4,"26,000","112,100",23.2,4.8,"33,600","113,400",29.6,5.7,"21,300","117,000",18.2,4.9,"23,800","118,600",20.1,5.0,"25,400","117,200",21.7,5.5,"15,900","120,300",13.2,4.7,"20,300","122,000",16.6,5.2,"25,000","121,200",20.6,5.4,24400,120900,20.2,5.1
E09000023,Lewisham,"26,700","87,500",30.4,4.9,"28,500","88,700",32.1,5.0,"26,600","90,300",29.5,5.1,"27,100","91,700",29.6,5.1,"26,800","95,000",28.3,4.7,"26,800","96,400",27.9,5.2,"35,400","97,000",36.5,6.0,"32,400","100,200",32.3,5.3,"31,800","100,200",31.7,5.3,"27,200","100,200",27.1,5.0,"26,600","102,700",25.9,4.7,"24,200","105,100",23.0,4.9,"27,700","104,100",26.6,5.4,"17,500","103,500",16.9,4.5,"28,000","106,200",26.4,5.4,21000,108600,19.4,4.8
E09000024,Merton,"17,600","63,700",27.7,5.2,"20,500","65,600",31.2,5.5,"18,300","66,100",27.6,4.9,"17,400","66,800",26.0,4.9,"17,800","66,300",26.8,5.9,"19,900","67,600",29.4,5.3,"21,200","68,000",31.2,4.9,"20,300","68,000",29.8,4.9,"19,900","68,300",29.2,4.9,"19,800","70,500",28.1,5.5,"18,600","70,000",26.5,5.4,"16,900","69,900",24.1,5.2,"19,300","69,100",27.9,5.7,"14,200","67,900",20.9,5.6,"13,900","70,100",19.8,5.3,15000,70300,21.4,5.1
E09000025,Newham,"43,800","83,000",52.8,5.5,"42,400","83,900",50.5,5.4,"41,300","85,400",48.3,5.2,"42,700","87,700",48.7,5.4,"43,700","90,100",48.5,5.2,"41,100","93,100",44.2,5.1,"50,100","100,000",50.1,5.2,"49,600","101,900",48.7,5.2,"46,300","104,100",44.5,5.2,"43,300","105,400",41.1,5.1,"46,700","106,400",43.8,5.4,"40,900","109,300",37.4,5.2,"40,000","110,500",36.2,5.4,"44,300","109,600",40.4,6.2,"42,600","111,200",38.3,6.6,36700,115200,31.9,6.6
E09000026,Redbridge,"24,400","80,200",30.4,5.3,"33,400","82,600",40.4,5.8,"30,700","83,400",36.8,5.9,"34,300","85,500",40.2,5.8,"34,100","88,200",38.7,5.3,"32,600","89,500",36.4,5.5,"37,000","91,400",40.5,5.0,"38,200","90,600",42.2,5.3,"33,300","92,500",36.0,5.1,"31,900","95,900",33.3,5.2,"32,200","95,400",33.8,5.3,"33,400","96,200",34.8,5.2,"32,800","96,400",34.1,5.2,"33,400","96,900",34.5,5.3,"38,500","100,700",38.3,5.4,39700,99100,40,5.9
E09000027,Richmond upon Thames,"19,500","60,300",32.4,5.7,"15,500","61,000",25.4,4.8,"17,000","62,500",27.3,4.8,"17,700","62,400",28.3,5.0,"18,600","62,900",29.6,5.3,"18,100","61,400",29.4,5.6,"16,700","61,500",27.2,5.3,"15,300","64,300",23.8,5.2,"16,200","65,600",24.6,5.1,"17,600","64,300",27.3,5.0,"15,800","63,700",24.8,5.0,"11,700","62,300",18.7,4.7,"10,600","64,700",16.4,4.9,"18,500","65,500",28.3,5.7,"15,000","62,700",24.0,5.8,14300,63700,22.5,5.8
E09000028,Southwark,"26,900","88,700",30.4,5.4,"38,900","92,600",42.0,5.6,"37,900","94,500",40.1,5.5,"36,700","98,200",37.4,5.3,"36,300","99,500",36.5,5.2,"34,800","100,500",34.6,5.7,"29,600","103,700",28.5,5.6,"36,900","106,400",34.6,5.3,"33,400","106,900",31.3,5.0,"38,000","109,100",34.8,5.0,"28,200","109,500",25.8,4.4,"27,400","111,600",24.5,4.8,"23,700","112,100",21.1,4.9,"23,800","115,000",20.7,4.8,"24,200","115,800",20.9,4.8,24000,115700,20.8,5.1
E09000029,Sutton,"16,200","60,800",26.7,5.1,"14,500","61,000",23.7,5.1,"14,700","59,600",24.7,5.5,"15,500","59,700",26.0,5.6,"16,200","62,100",26.0,5.6,"16,200","62,400",25.9,5.4,"16,800","62,800",26.7,5.0,"18,600","63,000",29.5,5.6,"17,700","63,900",27.6,5.6,"14,200","63,700",22.3,5.6,"16,700","65,600",25.4,6.1,"15,300","66,600",22.9,5.8,"15,100","65,800",23.0,5.4,"13,900","66,500",20.8,5.3,"14,300","65,500",21.9,5.3,13500,67700,19.9,4.7
E09000030,Tower Hamlets,"35,500","70,700",50.2,4.9,"37,300","71,700",52.0,5.3,"37,300","74,400",50.1,5.3,"38,900","77,400",50.2,5.6,"35,300","81,200",43.5,5.3,"36,800","85,200",43.1,5.6,"39,800","87,400",45.5,5.5,"38,800","89,400",43.4,5.2,"40,300","92,200",43.7,5.5,"36,400","95,900",37.9,5.4,"34,400","99,700",34.6,5.3,"34,200","101,900",33.6,5.6,"32,200","103,400",31.2,5.9,"46,000","106,000",43.4,6.1,"36,000","107,500",33.5,6.6,45300,110100,41.1,6.8
E09000031,Waltham Forest,"29,600","74,900",39.5,5.3,"28,500","75,500",37.8,5.3,"25,300","78,200",32.3,5.5,"29,500","80,300",36.7,5.7,"33,900","81,400",41.6,5.6,"31,300","83,800",37.4,5.7,"29,400","86,500",34.0,5.2,"29,300","88,500",33.1,5.2,"31,800","87,700",36.2,5.6,"28,800","87,900",32.8,5.5,"28,600","87,600",32.6,5.9,"26,500","91,100",29.0,6.2,"27,800","90,900",30.6,6.2,"22,800","88,300",25.8,5.5,"22,000","91,500",24.0,5.5,24300,93000,26.1,6.3
E09000032,Wandsworth,"30,300","106,100",28.6,4.5,"29,200","107,300",27.3,5.3,"32,600","110,400",29.5,5.5,"28,300","111,300",25.4,5.4,"27,000","113,100",23.9,5.1,"27,500","115,300",23.8,5.4,"31,600","113,900",27.7,5.4,"28,800","115,200",25.0,5.3,"32,000","118,900",26.9,5.2,"28,800","118,500",24.3,5.3,"26,200","119,000",22.0,5.0,"28,900","121,700",23.7,5.1,"29,100","122,100",23.9,5.5,"24,800","120,200",20.6,5.4,"25,300","123,000",20.6,5.2,22600,124400,18.2,5.2
E09000033,Westminster,"32,900","79,000",41.7,5.3,"31,100","81,100",38.3,5.2,"31,700","84,000",37.7,5.2,"35,600","82,900",42.9,4.9,"32,700","81,600",40.1,4.9,"29,500","79,100",37.3,5.5,"30,200","76,100",39.7,6.5,"32,400","78,700",41.1,5.5,"29,800","80,100",37.2,5.0,"28,700","75,900",37.9,5.0,"29,800","77,200",38.6,5.0,"25,800","78,000",33.1,5.3,"29,700","78,200",37.9,5.9,"29,700","76,600",38.7,6.0,"29,100","82,200",35.4,6.4,26200,82500,31.8,6.8
,,,,,,,,,,,,,,,,,,,,,,,,,,,,,,,,,,,,,,,,,,,,,,,,,,,,,,,,,,,,,,,,,
E13000001,Inner London,"398,800","1,029,900",38.7,1.4,"404,400","1,052,600",38.4,1.5,"411,200","1,070,000",38.4,1.5,"392,200","1,088,400",36.0,1.4,"386,400","1,107,300",34.9,1.4,"378,600","1,130,400",33.5,1.5,"409,000","1,146,500",35.7,1.5,"406,600","1,170,400",34.7,1.5,"417,500","1,184,100",35.3,1.5,"387,500","1,194,800",32.4,1.4,"369,300","1,210,300",30.5,1.4,"354,500","1,228,300",28.9,1.4,"340,600","1,236,200",27.6,1.5,"359,100","1,242,200",28.9,1.6,"354,400","1,256,800",28.2,1.6,334600,1265900,26.4,1.6
E13000002,Outer London,"478,800","1,498,700",31.9,1.2,"483,500","1,520,000",31.8,1.2,"483,400","1,541,400",31.4,1.2,"515,300","1,562,100",33.0,1.2,"523,600","1,587,200",33.0,1.2,"517,300","1,612,400",32.1,1.3,"532,800","1,635,000",32.6,1.2,"526,200","1,659,800",31.7,1.2,"509,800","1,666,700",30.6,1.2,"507,800","1,678,600",30.2,1.2,"524,500","1,689,800",31.0,1.2,"500,100","1,704,100",29.3,1.2,"499,500","1,712,100",29.2,1.3,"472,800","1,711,100",27.6,1.3,"490,300","1,734,100",28.3,1.3,505000,1743000,29,1.4
,,,,,,,,,,,,,,,,,,,,,,,,,,,,,,,,,,,,,,,,,,,,,,,,,,,,,,,,,,,,,,,,,
E12000001,North East,"278,900","823,200",33.9,0.9,"268,700","827,300",32.5,0.9,"266,700","831,400",32.1,1.1,"263,100","837,100",31.4,1.1,"260,700","840,700",31.0,1.1,"267,400","842,900",31.7,1.1,"270,200","845,100",32.0,1.1,"281,600","845,700",33.3,1.2,"268,700","840,600",32.0,1.1,"262,400","838,300",31.3,1.1,"244,500","836,700",29.2,1.1,"245,200","834,300",29.4,1.1,"246,700","834,900",29.5,1.2,"237,400","833,700",28.5,1.2,"238,200","831,000",28.7,1.2,235500,828800,28.4,1.2
E12000002,North West,"705,700","2,198,400",32.1,0.6,"701,500","2,216,200",31.7,0.7,"699,900","2,234,100",31.3,0.8,"703,600","2,248,200",31.3,0.8,"719,000","2,257,600",31.8,0.8,"712,800","2,263,500",31.5,0.8,"700,700","2,270,900",30.9,0.8,"703,200","2,276,600",30.9,0.8,"675,000","2,266,300",29.8,0.8,"684,300","2,259,200",30.3,0.8,"684,700","2,256,100",30.4,0.8,"671,900","2,260,800",29.7,0.8,"652,300","2,265,500",28.8,0.8,"645,600","2,269,600",28.4,0.8,"630,100","2,263,800",27.8,0.9,606400,2261700,26.8,0.9
E12000003,Yorkshire and The Humber,"510,800","1,628,100",31.4,0.9,"512,000","1,645,300",31.1,0.9,"511,900","1,658,500",30.9,1.0,"521,900","1,670,800",31.2,1.0,"521,600","1,682,100",31.0,1.0,"522,200","1,687,100",31.0,1.0,"517,600","1,692,500",30.6,1.0,"530,300","1,697,300",31.2,1.0,"506,400","1,692,400",29.9,1.0,"495,400","1,689,400",29.3,1.0,"485,800","1,688,000",28.8,1.0,"475,600","1,691,600",28.1,1.0,"482,300","1,695,300",28.4,1.0,"476,600","1,697,800",28.1,1.0,"467,200","1,696,100",27.5,1.1,468200,1695800,27.6,1.1
E12000004,East Midlands,"415,700","1,378,000",30.2,0.8,"403,500","1,393,200",29.0,0.8,"393,000","1,410,400",27.9,1.1,"408,500","1,425,600",28.7,1.1,"402,000","1,436,200",28.0,1.2,"406,500","1,442,600",28.2,1.2,"421,800","1,450,200",29.1,1.2,"423,700","1,455,500",29.1,1.2,"405,100","1,452,900",27.9,1.2,"414,400","1,452,900",28.5,1.2,"398,200","1,457,300",27.3,1.2,"409,800","1,464,200",28.0,1.3,"393,800","1,473,100",26.7,1.3,"410,400","1,482,600",27.7,1.3,"390,900","1,477,800",26.5,1.3,353400,1479000,23.9,1.3
E12000005,West Midlands,"542,000","1,695,200",32.0,0.8,"545,800","1,707,700",32.0,0.8,"549,500","1,723,600",31.9,1.0,"559,000","1,738,000",32.2,1.0,"557,100","1,751,000",31.8,1.0,"551,700","1,755,700",31.4,1.0,"573,700","1,762,600",32.5,1.0,"581,400","1,771,500",32.8,1.0,"562,300","1,769,500",31.8,1.0,"546,900","1,770,600",30.9,1.0,"545,300","1,774,100",30.7,1.0,"554,200","1,781,800",31.1,1.1,"569,100","1,792,700",31.7,1.1,"524,200","1,803,800",29.1,1.1,"508,800","1,800,900",28.3,1.1,499500,1804600,27.7,1.1
E12000006,East,"487,400","1,751,300",27.8,0.7,"495,800","1,772,300",28.0,0.7,"511,300","1,791,000",28.5,1.0,"517,700","1,807,900",28.6,1.0,"509,800","1,822,900",28.0,1.0,"503,300","1,831,900",27.5,1.1,"528,000","1,846,200",28.6,1.1,"503,200","1,858,100",27.1,1.1,"479,500","1,853,200",25.9,1.1,"474,600","1,855,800",25.6,1.1,"491,200","1,865,700",26.3,1.1,"471,000","1,875,700",25.1,1.1,"481,500","1,882,900",25.6,1.1,"454,400","1,888,500",24.1,1.1,"452,500","1,893,100",23.9,1.1,455600,1898400,24,1.1
E12000007,London,"877,500","2,528,600",34.7,0.9,"887,900","2,572,700",34.5,0.9,"894,600","2,611,400",34.3,0.9,"907,400","2,650,500",34.2,0.9,"910,000","2,694,500",33.8,0.9,"895,900","2,742,700",32.7,1.0,"941,800","2,781,400",33.9,1.0,"932,800","2,830,300",33.0,0.9,"927,300","2,850,800",32.5,0.9,"895,300","2,873,400",31.2,0.9,"893,800","2,900,200",30.8,0.9,"854,600","2,932,400",29.1,0.9,"840,100","2,948,300",28.5,1.0,"831,900","2,953,300",28.2,1.0,"844,700","2,990,900",28.2,1.0,839600,3009000,27.9,1.1
E12000008,South East,"698,100","2,592,800",26.9,0.6,"686,100","2,628,900",26.1,0.6,"697,200","2,657,800",26.2,0.8,"711,800","2,685,600",26.5,0.8,"709,600","2,704,800",26.2,0.8,"719,900","2,718,700",26.5,0.8,"736,700","2,737,200",26.9,0.8,"741,400","2,748,300",27.0,0.8,"724,200","2,744,500",26.4,0.8,"704,200","2,748,200",25.6,0.8,"692,600","2,759,900",25.1,0.8,"679,600","2,771,700",24.5,0.8,"674,500","2,785,000",24.2,0.8,"653,400","2,791,100",23.4,0.8,"659,800","2,796,500",23.6,0.9,603400,2803400,21.5,0.8
E12000009,South West,"442,100","1,576,100",28.1,0.7,"451,200","1,599,700",28.2,0.7,"436,800","1,616,200",27.0,1.0,"432,100","1,634,500",26.4,0.9,"429,600","1,642,300",26.2,0.9,"433,700","1,643,700",26.4,1.0,"449,600","1,649,400",27.3,1.0,"446,100","1,655,100",27.0,1.0,"446,200","1,650,300",27.0,1.0,"422,300","1,650,800",25.6,1.0,"404,100","1,655,300",24.4,1.0,"408,100","1,664,300",24.5,1.0,"404,000","1,670,400",24.2,1.0,"381,200","1,677,100",22.7,1.0,"371,400","1,675,500",22.2,1.0,359800,1677700,21.4,1
,,,,,,,,,,,,,,,,,,,,,,,,,,,,,,,,,,,,,,,,,,,,,,,,,,,,,,,,,,,,,,,,,
W92000004,Wales,"315,100","941,200",33.5,0.8,"312,600","945,700",33.1,0.8,"313,000","953,800",32.8,0.8,"311,800","961,500",32.4,0.8,"307,900","968,500",31.8,0.8,"318,000","970,500",32.8,0.9,"319,600","971,000",32.9,0.9,"311,500","972,000",32.1,0.9,"306,700","967,000",31.7,0.9,"285,000","963,900",29.6,0.8,"283,700","961,300",29.5,0.9,"283,700","960,100",29.5,0.9,"275,000","960,400",28.6,0.9,"264,400","960,600",27.5,0.9,"264,900","959,700",27.6,0.9,267800,958100,27.9,0.9
S92000003,Scotland,"492,000","1,685,000",29.2,0.7,"483,100","1,695,800",28.5,0.7,"473,100","1,705,300",27.7,0.7,"483,700","1,719,200",28.1,0.7,"488,300","1,727,900",28.3,0.7,"482,300","1,736,500",27.8,0.7,"490,100","1,746,100",28.1,0.7,"495,800","1,756,000",28.2,0.8,"492,700","1,749,700",28.2,0.8,"483,700","1,747,300",27.7,0.8,"471,100","1,747,300",27.0,0.8,"457,200","1,752,500",26.1,0.8,"483,500","1,757,900",27.5,0.8,"466,700","1,759,700",26.5,0.8,"471,000","1,761,700",26.7,0.8,455800,1761500,25.9,0.8
N92000002,Northern Ireland,"216,400","552,300",39.2,1.8,"212,300","558,900",38.0,1.9,"209,700","565,900",37.1,1.9,"203,400","573,700",35.5,1.9,"210,500","579,700",36.3,1.9,"214,700","582,900",36.8,1.9,"212,200","585,500",36.2,2.0,"199,000","587,000",33.9,2.0,"195,000","585,600",33.3,2.0,"198,200","586,100",33.8,2.0,"197,500","587,600",33.6,2.0,"195,500","589,100",33.2,2.1,"188,200","589,700",31.9,2.0,"191,900","589,900",32.5,2.0,"185,200","590,000",31.4,1.8,178400,590000,30.2,1.5
,,,,,,,,,,,,,,,,,,,,,,,,,,,,,,,,,,,,,,,,,,,,,,,,,,,,,,,,,,,,,,,,,
E92000001,England,"4,958,300","16,171,700",30.7,0.2,"4,952,600","16,363,400",30.3,0.3,"4,960,800","16,534,400",30.0,0.3,"5,025,100","16,698,100",30.1,0.3,"5,019,300","16,832,000",29.8,0.3,"5,013,500","16,928,800",29.6,0.3,"5,140,200","17,035,500",30.2,0.3,"5,143,800","17,138,300",30.0,0.3,"4,994,800","17,120,500",29.2,0.3,"4,899,900","17,138,500",28.6,0.3,"4,840,300","17,193,200",28.2,0.3,"4,770,000","17,276,800",27.6,0.3,"4,744,400","17,348,000",27.3,0.3,"4,615,000","17,397,400",26.5,0.3,"4,563,700","17,425,700",26.2,0.3,4421300,17458600,25.3,0.3
K04000001,England and Wales,"5,273,400","17,112,900",30.8,0.2,"5,265,200","17,309,100",30.4,0.2,"5,273,800","17,488,200",30.2,0.3,"5,336,900","17,659,600",30.2,0.3,"5,327,200","17,800,500",29.9,0.3,"5,331,600","17,899,300",29.8,0.3,"5,459,800","18,006,500",30.3,0.3,"5,455,300","18,110,300",30.1,0.3,"5,301,600","18,087,500",29.3,0.3,"5,184,900","18,102,500",28.6,0.3,"5,124,000","18,154,500",28.2,0.3,"5,053,700","18,236,800",27.7,0.3,"5,019,300","18,308,400",27.4,0.3,"4,879,400","18,358,000",26.6,0.3,"4,828,600","18,385,400",26.3,0.3,4689100,18416700,25.5,0.3
K03000001,Great Britain,"5,765,300","18,797,900",30.7,0.2,"5,748,300","19,004,900",30.2,0.2,"5,746,800","19,193,500",29.9,0.3,"5,820,600","19,378,800",30.0,0.3,"5,815,500","19,528,400",29.8,0.3,"5,813,900","19,635,700",29.6,0.3,"5,949,900","19,752,600",30.1,0.3,"5,951,100","19,866,300",30.0,0.3,"5,794,300","19,837,100",29.2,0.3,"5,668,600","19,849,800",28.6,0.3,"5,595,100","19,901,800",28.1,0.3,"5,510,900","19,989,400",27.6,0.3,"5,502,800","20,066,300",27.4,0.3,"5,346,100","20,117,700",26.6,0.3,"5,299,600","20,147,000",26.3,0.3,5144900,20178200,25.5,0.3
K02000001,United Kingdom,"5,981,800","19,350,100",30.9,0.2,"5,960,600","19,563,800",30.5,0.2,"5,956,500","19,759,400",30.1,0.3,"6,024,000","19,952,500",30.2,0.3,"6,026,000","20,108,100",30.0,0.3,"6,028,600","20,218,700",29.8,0.3,"6,162,000","20,338,100",30.3,0.3,"6,150,100","20,453,300",30.1,0.3,"5,989,300","20,422,800",29.3,0.3,"5,866,800","20,435,800",28.7,0.3,"5,792,600","20,489,400",28.3,0.3,"5,706,400","20,578,400",27.7,0.3,"5,691,000","20,656,100",27.6,0.3,"5,538,000","20,707,600",26.7,0.3,"5,484,800","20,737,000",26.4,0.3,5323200,20768200,25.6,0.3
,,,,,,,,,,,,,,,,,,,,,,,,,,,,,,,,,,,,,,,,,,,,,,,,,,,,,,,,,,,,,,,,,
,! Estimate and confidence interval not available since the group sample size is zero or disclosive (0-2).,,,,,,,,,,,,,,,,,,,,,,,,,,,,,,,,,,,,,,,,,,,,,,,,,,,,,,,,,,,,,,,,
,18/03/2015 Data has been reweighted in line with the latest ONS estimates.,,,,,,,,,,,,,,,,,,,,,,,,,,,,,,,,,,,,,,,,,,,,,,,,,,,,,,,,,,,,,,,,
